paramID,g,R1ratio,R2ratio,T1,T2,S_01_1,S_01_2,S_00_1,S_00_2,S_11_1,S_11_2,alpha1,theta1,kappa1,mu1,alpha2,theta2,kappa2,mu2
0,0.0184,0,0,0,0,0.087737,0.087737,8.02442602e-05,8.02442602e-05,1,1,0.2,0.5000000000000001,40,0.001,0.2,0.5000000000000001,40,0.001
1,0.0184,0,0,0,0,0.087737,0.087737,0.0007674355389999,0.0007674355389999,1,1,0.2,0.5000000000000001,40,0.001,0.2,0.5000000000000001,40,0.001
2,0.0184,0,0,0,0,0.087737,0.087737,0.0073392000499999,0.0073392000499999,1,1,0.2,0.5000000000000001,40,0.001,0.2,0.5000000000000001,40,0.001
3,0.0184,0,0,0,0,0.087737,0.087737,0.0701896,0.0701896,1,1,0.2,0.5000000000000001,40,0.001,0.2,0.5000000000000001,40,0.001
4,0.0184,0,0,0,0,0.087737,0.023812,8.02442602e-05,2.17784552e-05,1,1,0.2,0.5000000000000001,40,0.001,0.2,0.5000000000000001,40,0.001
5,0.0184,0,0,0,0,0.087737,0.023812,0.0007674355389999,0.000208283564,1,1,0.2,0.5000000000000001,40,0.001,0.2,0.5000000000000001,40,0.001
6,0.0184,0,0,0,0,0.087737,0.023812,0.0073392000499999,0.0019918738,1,1,0.2,0.5000000000000001,40,0.001,0.2,0.5000000000000001,40,0.001
7,0.0184,0,0,0,0,0.087737,0.023812,0.0701896,0.0190496,1,1,0.2,0.5000000000000001,40,0.001,0.2,0.5000000000000001,40,0.001
8,0.0184,0,0,0,0,0.8428,0.016856,0.0073719716,0.0001474394319999,1,1,0.2,0.5000000000000001,40,0.001,0.2,0.5000000000000001,40,0.001
9,0.0184,0,0,0,0,0.8428,0.016856,0.07050022,0.0014100044,1,1,0.2,0.5000000000000001,40,0.001,0.2,0.5000000000000001,40,0.001
10,0.0184,0,0,0,0,0.8428,0.016856,0.6742400000000001,0.0134848,1,1,0.2,0.5000000000000001,40,0.001,0.2,0.5000000000000001,40,0.001
11,0.0184,0,0,0,0,0.8428,0.062115,0.0073719716,0.000543319905,1,1,0.2,0.5000000000000001,40,0.001,0.2,0.5000000000000001,40,0.001
12,0.0184,0,0,0,0,0.8428,0.062115,0.07050022,0.00519591975,1,1,0.2,0.5000000000000001,40,0.001,0.2,0.5000000000000001,40,0.001
13,0.0184,0,0,0,0,0.8428,0.062115,0.6742400000000001,0.049692,1,1,0.2,0.5000000000000001,40,0.001,0.2,0.5000000000000001,40,0.001
14,0.0184,0,0,0,0,0.8428,0.22874,0.00077082488,0.000209205604,1,1,0.2,0.5000000000000001,40,0.001,0.2,0.5000000000000001,40,0.001
15,0.0184,0,0,0,0,0.8428,0.22874,0.0073719716,0.00200078878,1,1,0.2,0.5000000000000001,40,0.001,0.2,0.5000000000000001,40,0.001
16,0.0184,0,0,0,0,0.8428,0.22874,0.07050022,0.019134101,1,1,0.2,0.5000000000000001,40,0.001,0.2,0.5000000000000001,40,0.001
17,0.0184,0,0,0,0,0.8428,0.22874,0.6742400000000001,0.182992,1,1,0.2,0.5000000000000001,40,0.001,0.2,0.5000000000000001,40,0.001
18,0.0184,0,0,0,0,0.8428,0.016856,0.00077082488,1.54164976e-05,1,1,0.2,0.5000000000000001,40,0.001,0.2,0.5000000000000001,40,0.001
19,0.0184,0,0,0,0,0.8428,0.062115,0.00077082488,5.6810379e-05,1,1,0.2,0.5000000000000001,40,0.001,0.2,0.5000000000000001,40,0.001
20,0.0184,0,0,0,0,0.8428,0.8428,0.00077082488,0.00077082488,1,1,0.2,0.5000000000000001,40,0.001,0.2,0.5000000000000001,40,0.001
21,0.0184,0,0,0,0,0.8428,0.8428,0.0073719716,0.0073719716,1,1,0.2,0.5000000000000001,40,0.001,0.2,0.5000000000000001,40,0.001
22,0.0184,0,0,0,0,0.8428,0.8428,0.07050022,0.07050022,1,1,0.2,0.5000000000000001,40,0.001,0.2,0.5000000000000001,40,0.001
23,0.0184,0,0,0,0,0.8428,0.8428,0.6742400000000001,0.6742400000000001,1,1,0.2,0.5000000000000001,40,0.001,0.2,0.5000000000000001,40,0.001
24,0.0184,0,0,0,0,8.096,0.16192,0.0074046016,0.000148092032,1,1,0.2,0.5000000000000001,40,0.001,0.2,0.5000000000000001,40,0.001
25,0.0184,0,0,0,0,8.096,0.16192,0.070815712,0.00141631424,1,1,0.2,0.5000000000000001,40,0.001,0.2,0.5000000000000001,40,0.001
26,0.0184,0,0,0,0,8.096,0.16192,0.6772304,0.013544608,1,1,0.2,0.5000000000000001,40,0.001,0.2,0.5000000000000001,40,0.001
27,0.0184,0,0,0,0,8.096,0.043718,0.070815712,0.0003824013459999,1,1,0.2,0.5000000000000001,40,0.001,0.2,0.5000000000000001,40,0.001
28,0.0184,0,0,0,0,8.096,0.043718,0.6772304,0.0036570107,1,1,0.2,0.5000000000000001,40,0.001,0.2,0.5000000000000001,40,0.001
29,0.0184,0,0,0,0,8.096,0.043718,0.0074046016,3.99844828e-05,1,1,0.2,0.5000000000000001,40,0.001,0.2,0.5000000000000001,40,0.001
30,0.0184,0,0,0,0,8.096,2.1973,0.0074046016,0.00200965058,1,1,0.2,0.5000000000000001,40,0.001,0.2,0.5000000000000001,40,0.001
31,0.0184,0,0,0,0,8.096,8.096,0.0074046016,0.0074046016,1,1,0.2,0.5000000000000001,40,0.001,0.2,0.5000000000000001,40,0.001
32,0.0184,0,0,0,0,8.096,0.59668,0.0074046016,0.000545723528,1,1,0.2,0.5000000000000001,40,0.001,0.2,0.5000000000000001,40,0.001
33,0.0184,0,0,0,0,8.096,0.59668,0.070815712,0.00521915996,1,1,0.2,0.5000000000000001,40,0.001,0.2,0.5000000000000001,40,0.001
34,0.0487,0,0,0,0,0.23222,0.063023,0.000212388412,5.76408358e-05,1,1,0.2,0.5000000000000001,40,0.001,0.2,0.5000000000000001,40,0.001
35,0.0487,0,0,0,0,0.23222,0.063023,0.00203122834,0.0005512621809999,1,1,0.2,0.5000000000000001,40,0.001,0.2,0.5000000000000001,40,0.001
36,0.0487,0,0,0,0,0.23222,0.063023,0.019425203,0.0052718739499999,1,1,0.2,0.5000000000000001,40,0.001,0.2,0.5000000000000001,40,0.001
37,0.0487,0,0,0,0,0.23222,0.063023,0.185776,0.0504184,1,1,0.2,0.5000000000000001,40,0.001,0.2,0.5000000000000001,40,0.001
38,0.0487,0,0,0,0,0.23222,0.23222,0.00203122834,0.00203122834,1,1,0.2,0.5000000000000001,40,0.001,0.2,0.5000000000000001,40,0.001
39,0.0487,0,0,0,0,0.23222,0.23222,0.019425203,0.019425203,1,1,0.2,0.5000000000000001,40,0.001,0.2,0.5000000000000001,40,0.001
40,0.0487,0,0,0,0,0.23222,0.23222,0.000212388412,0.000212388412,1,1,0.2,0.5000000000000001,40,0.001,0.2,0.5000000000000001,40,0.001
41,0.0487,0,0,0,0,0.23222,0.23222,0.185776,0.185776,1,1,0.2,0.5000000000000001,40,0.001,0.2,0.5000000000000001,40,0.001
42,0.0487,0,0,0,0,2.2307,0.1644,0.00204019822,0.0001503602399999,1,1,0.2,0.5000000000000001,40,0.001,0.2,0.5000000000000001,40,0.001
43,0.0487,0,0,0,0,2.2307,0.1644,0.0195119329,0.0014380067999999,1,1,0.2,0.5000000000000001,40,0.001,0.2,0.5000000000000001,40,0.001
44,0.0487,0,0,0,0,2.2307,0.1644,0.186598055,0.01375206,1,1,0.2,0.5000000000000001,40,0.001,0.2,0.5000000000000001,40,0.001
45,0.0487,0,0,0,0,2.2307,0.1644,1.78456,0.13152,1,1,0.2,0.5000000000000001,40,0.001,0.2,0.5000000000000001,40,0.001
46,0.0487,0,0,0,0,2.2307,0.044614,0.0195119329,0.0003902386579999,1,1,0.2,0.5000000000000001,40,0.001,0.2,0.5000000000000001,40,0.001
47,0.0487,0,0,0,0,2.2307,0.044614,0.186598055,0.0037319611,1,1,0.2,0.5000000000000001,40,0.001,0.2,0.5000000000000001,40,0.001
48,0.0487,0,0,0,0,2.2307,0.044614,1.78456,0.0356912,1,1,0.2,0.5000000000000001,40,0.001,0.2,0.5000000000000001,40,0.001
49,0.0487,0,0,0,0,2.2307,0.044614,0.00204019822,4.08039644e-05,1,1,0.2,0.5000000000000001,40,0.001,0.2,0.5000000000000001,40,0.001
50,0.0487,0,0,0,0,2.2307,2.2307,0.0195119329,0.0195119329,1,1,0.2,0.5000000000000001,40,0.001,0.2,0.5000000000000001,40,0.001
51,0.0487,0,0,0,0,2.2307,2.2307,0.186598055,0.186598055,1,1,0.2,0.5000000000000001,40,0.001,0.2,0.5000000000000001,40,0.001
52,0.0487,0,0,0,0,2.2307,2.2307,1.78456,1.78456,1,1,0.2,0.5000000000000001,40,0.001,0.2,0.5000000000000001,40,0.001
53,0.0487,0,0,0,0,2.2307,2.2307,0.00204019822,0.00204019822,1,1,0.2,0.5000000000000001,40,0.001,0.2,0.5000000000000001,40,0.001
54,0.0487,0,0,0,0,2.2307,0.60541,0.00204019822,0.000553707986,1,1,0.2,0.5000000000000001,40,0.001,0.2,0.5000000000000001,40,0.001
55,0.0487,0,0,0,0,2.2307,0.60541,0.0195119329,0.00529552127,1,1,0.2,0.5000000000000001,40,0.001,0.2,0.5000000000000001,40,0.001
56,0.0487,0,0,0,0,2.2307,0.60541,0.186598055,0.0506425465,1,1,0.2,0.5000000000000001,40,0.001,0.2,0.5000000000000001,40,0.001
57,0.0487,0,0,0,0,2.2307,0.60541,1.78456,0.484328,1,1,0.2,0.5000000000000001,40,0.001,0.2,0.5000000000000001,40,0.001
58,0.0487,0,0,0,0,21.428,0.11571,17.142400000000002,0.092568,1,1,0.2,0.5000000000000001,40,0.001,0.2,0.5000000000000001,40,0.001
59,0.0487,0,0,0,0,21.428,0.11571,0.0195980488,0.0001058283659999,1,1,0.2,0.5000000000000001,40,0.001,0.2,0.5000000000000001,40,0.001
60,0.0487,0,0,0,0,21.428,0.11571,0.187430716,0.0010121153699999,1,1,0.2,0.5000000000000001,40,0.001,0.2,0.5000000000000001,40,0.001
61,0.0487,0,0,0,0,21.428,0.11571,1.7924522,0.0096791415,1,1,0.2,0.5000000000000001,40,0.001,0.2,0.5000000000000001,40,0.001
62,0.0487,0,0,0,0,21.428,1.5792,0.187430716,0.0138132623999999,1,1,0.2,0.5000000000000001,40,0.001,0.2,0.5000000000000001,40,0.001
63,0.0487,0,0,0,0,21.428,0.42856,0.0195980488,0.000391960976,1,1,0.2,0.5000000000000001,40,0.001,0.2,0.5000000000000001,40,0.001
64,0.0487,0,0,0,0,21.428,0.42856,0.187430716,0.00374861432,1,1,0.2,0.5000000000000001,40,0.001,0.2,0.5000000000000001,40,0.001
65,0.0487,0,0,0,0,21.428,0.42856,1.7924522,0.035849044,1,1,0.2,0.5000000000000001,40,0.001,0.2,0.5000000000000001,40,0.001
66,0.0487,0,0,0,0,21.428,0.42856,17.142400000000002,0.342848,1,1,0.2,0.5000000000000001,40,0.001,0.2,0.5000000000000001,40,0.001
67,0.0487,0,0,0,0,21.428,1.5792,0.0195980488,0.0014443363199999,1,1,0.2,0.5000000000000001,40,0.001,0.2,0.5000000000000001,40,0.001
68,0.0487,0,0,0,0,21.428,21.428,0.0195980488,0.0195980488,1,1,0.2,0.5000000000000001,40,0.001,0.2,0.5000000000000001,40,0.001
69,0.0487,0,0,0,0,21.428,5.8156,0.0195980488,0.00531894776,1,1,0.2,0.5000000000000001,40,0.001,0.2,0.5000000000000001,40,0.001
70,0.0487,0,0,0,0,21.428,5.8156,0.187430716,0.0508690531999999,1,1,0.2,0.5000000000000001,40,0.001,0.2,0.5000000000000001,40,0.001
71,0.1287,0,0,0,0,0.61368,0.61368,0.00536785896,0.00536785896,1,1,0.2,0.5000000000000001,40,0.001,0.2,0.5000000000000001,40,0.001
72,0.1287,0,0,0,0,0.61368,0.61368,0.051334332,0.051334332,1,1,0.2,0.5000000000000001,40,0.001,0.2,0.5000000000000001,40,0.001
73,0.1287,0,0,0,0,0.61368,0.16655,0.490944,0.13324,1,1,0.2,0.5000000000000001,40,0.001,0.2,0.5000000000000001,40,0.001
74,0.1287,0,0,0,0,0.61368,0.61368,0.000561271728,0.000561271728,1,1,0.2,0.5000000000000001,40,0.001,0.2,0.5000000000000001,40,0.001
75,0.1287,0,0,0,0,0.61368,0.61368,0.490944,0.490944,1,1,0.2,0.5000000000000001,40,0.001,0.2,0.5000000000000001,40,0.001
76,0.1287,0,0,0,0,0.61368,0.16655,0.000561271728,0.00015232663,1,1,0.2,0.5000000000000001,40,0.001,0.2,0.5000000000000001,40,0.001
77,0.1287,0,0,0,0,0.61368,0.16655,0.00536785896,0.00145681285,1,1,0.2,0.5000000000000001,40,0.001,0.2,0.5000000000000001,40,0.001
78,0.1287,0,0,0,0,0.61368,0.16655,0.051334332,0.0139319075,1,1,0.2,0.5000000000000001,40,0.001,0.2,0.5000000000000001,40,0.001
79,0.1287,0,0,0,0,5.895,0.1179,0.0515635649999999,0.0010312713,1,1,0.2,0.5000000000000001,40,0.001,0.2,0.5000000000000001,40,0.001
80,0.1287,0,0,0,0,5.895,0.1179,0.49311675,0.009862335,1,1,0.2,0.5000000000000001,40,0.001,0.2,0.5000000000000001,40,0.001
81,0.1287,0,0,0,0,5.895,0.1179,4.716,0.09432,1,1,0.2,0.5000000000000001,40,0.001,0.2,0.5000000000000001,40,0.001
82,0.1287,0,0,0,0,5.895,0.1179,0.005391567,0.00010783134,1,1,0.2,0.5000000000000001,40,0.001,0.2,0.5000000000000001,40,0.001
83,0.0184,0,0,0,0,0.087737,0.087737,8.02442602e-05,8.02442602e-05,1,1,0.3,0.5,40,0.001,0.3,0.5,40,0.001
84,0.0184,0,0,0,0,0.087737,0.087737,0.0007674355389999,0.0007674355389999,1,1,0.3,0.5,40,0.001,0.3,0.5,40,0.001
85,0.0184,0,0,0,0,0.087737,0.087737,0.0073392000499999,0.0073392000499999,1,1,0.3,0.5,40,0.001,0.3,0.5,40,0.001
86,0.0184,0,0,0,0,0.087737,0.087737,0.0701896,0.0701896,1,1,0.3,0.5,40,0.001,0.3,0.5,40,0.001
87,0.0184,0,0,0,0,0.087737,0.023812,8.02442602e-05,2.17784552e-05,1,1,0.3,0.5,40,0.001,0.3,0.5,40,0.001
88,0.0184,0,0,0,0,0.087737,0.023812,0.0007674355389999,0.000208283564,1,1,0.3,0.5,40,0.001,0.3,0.5,40,0.001
89,0.0184,0,0,0,0,0.087737,0.023812,0.0073392000499999,0.0019918738,1,1,0.3,0.5,40,0.001,0.3,0.5,40,0.001
90,0.0184,0,0,0,0,0.087737,0.023812,0.0701896,0.0190496,1,1,0.3,0.5,40,0.001,0.3,0.5,40,0.001
91,0.0184,0,0,0,0,0.8428,0.016856,0.0073719716,0.0001474394319999,1,1,0.3,0.5,40,0.001,0.3,0.5,40,0.001
92,0.0184,0,0,0,0,0.8428,0.016856,0.07050022,0.0014100044,1,1,0.3,0.5,40,0.001,0.3,0.5,40,0.001
93,0.0184,0,0,0,0,0.8428,0.016856,0.6742400000000001,0.0134848,1,1,0.3,0.5,40,0.001,0.3,0.5,40,0.001
94,0.0184,0,0,0,0,0.8428,0.062115,0.0073719716,0.000543319905,1,1,0.3,0.5,40,0.001,0.3,0.5,40,0.001
95,0.0184,0,0,0,0,0.8428,0.062115,0.07050022,0.00519591975,1,1,0.3,0.5,40,0.001,0.3,0.5,40,0.001
96,0.0184,0,0,0,0,0.8428,0.062115,0.6742400000000001,0.049692,1,1,0.3,0.5,40,0.001,0.3,0.5,40,0.001
97,0.0184,0,0,0,0,0.8428,0.22874,0.00077082488,0.000209205604,1,1,0.3,0.5,40,0.001,0.3,0.5,40,0.001
98,0.0184,0,0,0,0,0.8428,0.22874,0.0073719716,0.00200078878,1,1,0.3,0.5,40,0.001,0.3,0.5,40,0.001
99,0.0184,0,0,0,0,0.8428,0.22874,0.07050022,0.019134101,1,1,0.3,0.5,40,0.001,0.3,0.5,40,0.001
100,0.0184,0,0,0,0,0.8428,0.22874,0.6742400000000001,0.182992,1,1,0.3,0.5,40,0.001,0.3,0.5,40,0.001
101,0.0184,0,0,0,0,0.8428,0.016856,0.00077082488,1.54164976e-05,1,1,0.3,0.5,40,0.001,0.3,0.5,40,0.001
102,0.0184,0,0,0,0,0.8428,0.062115,0.00077082488,5.6810379e-05,1,1,0.3,0.5,40,0.001,0.3,0.5,40,0.001
103,0.0184,0,0,0,0,0.8428,0.8428,0.00077082488,0.00077082488,1,1,0.3,0.5,40,0.001,0.3,0.5,40,0.001
104,0.0184,0,0,0,0,0.8428,0.8428,0.0073719716,0.0073719716,1,1,0.3,0.5,40,0.001,0.3,0.5,40,0.001
105,0.0184,0,0,0,0,0.8428,0.8428,0.07050022,0.07050022,1,1,0.3,0.5,40,0.001,0.3,0.5,40,0.001
106,0.0184,0,0,0,0,0.8428,0.8428,0.6742400000000001,0.6742400000000001,1,1,0.3,0.5,40,0.001,0.3,0.5,40,0.001
107,0.0184,0,0,0,0,8.096,0.16192,0.0074046016,0.000148092032,1,1,0.3,0.5,40,0.001,0.3,0.5,40,0.001
108,0.0184,0,0,0,0,8.096,0.16192,0.070815712,0.00141631424,1,1,0.3,0.5,40,0.001,0.3,0.5,40,0.001
109,0.0184,0,0,0,0,8.096,0.16192,0.6772304,0.013544608,1,1,0.3,0.5,40,0.001,0.3,0.5,40,0.001
110,0.0184,0,0,0,0,8.096,0.043718,0.070815712,0.0003824013459999,1,1,0.3,0.5,40,0.001,0.3,0.5,40,0.001
111,0.0184,0,0,0,0,8.096,0.043718,0.6772304,0.0036570107,1,1,0.3,0.5,40,0.001,0.3,0.5,40,0.001
112,0.0184,0,0,0,0,8.096,0.043718,0.0074046016,3.99844828e-05,1,1,0.3,0.5,40,0.001,0.3,0.5,40,0.001
113,0.0184,0,0,0,0,8.096,2.1973,0.0074046016,0.00200965058,1,1,0.3,0.5,40,0.001,0.3,0.5,40,0.001
114,0.0184,0,0,0,0,8.096,0.59668,0.0074046016,0.000545723528,1,1,0.3,0.5,40,0.001,0.3,0.5,40,0.001
115,0.0184,0,0,0,0,8.096,0.59668,0.070815712,0.00521915996,1,1,0.3,0.5,40,0.001,0.3,0.5,40,0.001
116,0.0487,0,0,0,0,0.23222,0.063023,0.000212388412,5.76408358e-05,1,1,0.3,0.5,40,0.001,0.3,0.5,40,0.001
117,0.0487,0,0,0,0,0.23222,0.063023,0.00203122834,0.0005512621809999,1,1,0.3,0.5,40,0.001,0.3,0.5,40,0.001
118,0.0487,0,0,0,0,0.23222,0.063023,0.019425203,0.0052718739499999,1,1,0.3,0.5,40,0.001,0.3,0.5,40,0.001
119,0.0487,0,0,0,0,0.23222,0.063023,0.185776,0.0504184,1,1,0.3,0.5,40,0.001,0.3,0.5,40,0.001
120,0.0487,0,0,0,0,0.23222,0.23222,0.00203122834,0.00203122834,1,1,0.3,0.5,40,0.001,0.3,0.5,40,0.001
121,0.0487,0,0,0,0,0.23222,0.23222,0.019425203,0.019425203,1,1,0.3,0.5,40,0.001,0.3,0.5,40,0.001
122,0.0487,0,0,0,0,0.23222,0.23222,0.000212388412,0.000212388412,1,1,0.3,0.5,40,0.001,0.3,0.5,40,0.001
123,0.0487,0,0,0,0,0.23222,0.23222,0.185776,0.185776,1,1,0.3,0.5,40,0.001,0.3,0.5,40,0.001
124,0.0487,0,0,0,0,2.2307,0.1644,0.00204019822,0.0001503602399999,1,1,0.3,0.5,40,0.001,0.3,0.5,40,0.001
125,0.0487,0,0,0,0,2.2307,0.1644,0.0195119329,0.0014380067999999,1,1,0.3,0.5,40,0.001,0.3,0.5,40,0.001
126,0.0487,0,0,0,0,2.2307,0.1644,0.186598055,0.01375206,1,1,0.3,0.5,40,0.001,0.3,0.5,40,0.001
127,0.0487,0,0,0,0,2.2307,0.1644,1.78456,0.13152,1,1,0.3,0.5,40,0.001,0.3,0.5,40,0.001
128,0.0487,0,0,0,0,2.2307,0.044614,0.0195119329,0.0003902386579999,1,1,0.3,0.5,40,0.001,0.3,0.5,40,0.001
129,0.0487,0,0,0,0,2.2307,0.044614,0.186598055,0.0037319611,1,1,0.3,0.5,40,0.001,0.3,0.5,40,0.001
130,0.0487,0,0,0,0,2.2307,0.044614,1.78456,0.0356912,1,1,0.3,0.5,40,0.001,0.3,0.5,40,0.001
131,0.0487,0,0,0,0,2.2307,0.044614,0.00204019822,4.08039644e-05,1,1,0.3,0.5,40,0.001,0.3,0.5,40,0.001
132,0.0487,0,0,0,0,2.2307,2.2307,0.0195119329,0.0195119329,1,1,0.3,0.5,40,0.001,0.3,0.5,40,0.001
133,0.0487,0,0,0,0,2.2307,2.2307,0.186598055,0.186598055,1,1,0.3,0.5,40,0.001,0.3,0.5,40,0.001
134,0.0487,0,0,0,0,2.2307,2.2307,1.78456,1.78456,1,1,0.3,0.5,40,0.001,0.3,0.5,40,0.001
135,0.0487,0,0,0,0,2.2307,2.2307,0.00204019822,0.00204019822,1,1,0.3,0.5,40,0.001,0.3,0.5,40,0.001
136,0.0487,0,0,0,0,2.2307,0.60541,0.00204019822,0.000553707986,1,1,0.3,0.5,40,0.001,0.3,0.5,40,0.001
137,0.0487,0,0,0,0,2.2307,0.60541,0.0195119329,0.00529552127,1,1,0.3,0.5,40,0.001,0.3,0.5,40,0.001
138,0.0487,0,0,0,0,2.2307,0.60541,0.186598055,0.0506425465,1,1,0.3,0.5,40,0.001,0.3,0.5,40,0.001
139,0.0487,0,0,0,0,2.2307,0.60541,1.78456,0.484328,1,1,0.3,0.5,40,0.001,0.3,0.5,40,0.001
140,0.0487,0,0,0,0,21.428,0.11571,17.142400000000002,0.092568,1,1,0.3,0.5,40,0.001,0.3,0.5,40,0.001
141,0.0487,0,0,0,0,21.428,0.11571,0.0195980488,0.0001058283659999,1,1,0.3,0.5,40,0.001,0.3,0.5,40,0.001
142,0.0487,0,0,0,0,21.428,0.11571,0.187430716,0.0010121153699999,1,1,0.3,0.5,40,0.001,0.3,0.5,40,0.001
143,0.0487,0,0,0,0,21.428,0.11571,1.7924522,0.0096791415,1,1,0.3,0.5,40,0.001,0.3,0.5,40,0.001
144,0.0487,0,0,0,0,21.428,1.5792,0.187430716,0.0138132623999999,1,1,0.3,0.5,40,0.001,0.3,0.5,40,0.001
145,0.0487,0,0,0,0,21.428,0.42856,0.0195980488,0.000391960976,1,1,0.3,0.5,40,0.001,0.3,0.5,40,0.001
146,0.0487,0,0,0,0,21.428,0.42856,0.187430716,0.00374861432,1,1,0.3,0.5,40,0.001,0.3,0.5,40,0.001
147,0.0487,0,0,0,0,21.428,0.42856,1.7924522,0.035849044,1,1,0.3,0.5,40,0.001,0.3,0.5,40,0.001
148,0.0487,0,0,0,0,21.428,0.42856,17.142400000000002,0.342848,1,1,0.3,0.5,40,0.001,0.3,0.5,40,0.001
149,0.0487,0,0,0,0,21.428,1.5792,0.0195980488,0.0014443363199999,1,1,0.3,0.5,40,0.001,0.3,0.5,40,0.001
150,0.0487,0,0,0,0,21.428,21.428,0.0195980488,0.0195980488,1,1,0.3,0.5,40,0.001,0.3,0.5,40,0.001
151,0.0487,0,0,0,0,21.428,5.8156,0.0195980488,0.00531894776,1,1,0.3,0.5,40,0.001,0.3,0.5,40,0.001
152,0.0487,0,0,0,0,21.428,5.8156,0.187430716,0.0508690531999999,1,1,0.3,0.5,40,0.001,0.3,0.5,40,0.001
153,0.1287,0,0,0,0,0.61368,0.61368,0.00536785896,0.00536785896,1,1,0.3,0.5,40,0.001,0.3,0.5,40,0.001
154,0.1287,0,0,0,0,0.61368,0.61368,0.051334332,0.051334332,1,1,0.3,0.5,40,0.001,0.3,0.5,40,0.001
155,0.1287,0,0,0,0,0.61368,0.16655,0.490944,0.13324,1,1,0.3,0.5,40,0.001,0.3,0.5,40,0.001
156,0.1287,0,0,0,0,0.61368,0.61368,0.000561271728,0.000561271728,1,1,0.3,0.5,40,0.001,0.3,0.5,40,0.001
157,0.1287,0,0,0,0,0.61368,0.61368,0.490944,0.490944,1,1,0.3,0.5,40,0.001,0.3,0.5,40,0.001
158,0.1287,0,0,0,0,0.61368,0.16655,0.000561271728,0.00015232663,1,1,0.3,0.5,40,0.001,0.3,0.5,40,0.001
159,0.1287,0,0,0,0,0.61368,0.16655,0.00536785896,0.00145681285,1,1,0.3,0.5,40,0.001,0.3,0.5,40,0.001
160,0.1287,0,0,0,0,0.61368,0.16655,0.051334332,0.0139319075,1,1,0.3,0.5,40,0.001,0.3,0.5,40,0.001
161,0.1287,0,0,0,0,5.895,0.1179,0.0515635649999999,0.0010312713,1,1,0.3,0.5,40,0.001,0.3,0.5,40,0.001
162,0.1287,0,0,0,0,5.895,0.1179,0.49311675,0.009862335,1,1,0.3,0.5,40,0.001,0.3,0.5,40,0.001
163,0.1287,0,0,0,0,5.895,0.1179,4.716,0.09432,1,1,0.3,0.5,40,0.001,0.3,0.5,40,0.001
164,0.1287,0,0,0,0,5.895,0.1179,0.005391567,0.00010783134,1,1,0.3,0.5,40,0.001,0.3,0.5,40,0.001
165,0.0184,0,0,0,0,0.087737,0.087737,8.02442602e-05,8.02442602e-05,1,1,0.7000000000000001,0.8,40,0.01,0.7000000000000001,0.8,40,0.01
166,0.0184,0,0,0,0,0.087737,0.087737,0.0007674355389999,0.0007674355389999,1,1,0.7000000000000001,0.8,40,0.01,0.7000000000000001,0.8,40,0.01
167,0.0184,0,0,0,0,0.087737,0.087737,0.0073392000499999,0.0073392000499999,1,1,0.7000000000000001,0.8,40,0.01,0.7000000000000001,0.8,40,0.01
168,0.0184,0,0,0,0,0.087737,0.087737,0.0701896,0.0701896,1,1,0.7000000000000001,0.8,40,0.01,0.7000000000000001,0.8,40,0.01
169,0.0184,0,0,0,0,0.087737,0.023812,8.02442602e-05,2.17784552e-05,1,1,0.7000000000000001,0.8,40,0.01,0.7000000000000001,0.8,40,0.01
170,0.0184,0,0,0,0,0.087737,0.023812,0.0007674355389999,0.000208283564,1,1,0.7000000000000001,0.8,40,0.01,0.7000000000000001,0.8,40,0.01
171,0.0184,0,0,0,0,0.087737,0.023812,0.0073392000499999,0.0019918738,1,1,0.7000000000000001,0.8,40,0.01,0.7000000000000001,0.8,40,0.01
172,0.0184,0,0,0,0,0.087737,0.023812,0.0701896,0.0190496,1,1,0.7000000000000001,0.8,40,0.01,0.7000000000000001,0.8,40,0.01
173,0.0184,0,0,0,0,0.8428,0.016856,0.0073719716,0.0001474394319999,1,1,0.7000000000000001,0.8,40,0.01,0.7000000000000001,0.8,40,0.01
174,0.0184,0,0,0,0,0.8428,0.016856,0.07050022,0.0014100044,1,1,0.7000000000000001,0.8,40,0.01,0.7000000000000001,0.8,40,0.01
175,0.0184,0,0,0,0,0.8428,0.016856,0.6742400000000001,0.0134848,1,1,0.7000000000000001,0.8,40,0.01,0.7000000000000001,0.8,40,0.01
176,0.0184,0,0,0,0,0.8428,0.062115,0.0073719716,0.000543319905,1,1,0.7000000000000001,0.8,40,0.01,0.7000000000000001,0.8,40,0.01
177,0.0184,0,0,0,0,0.8428,0.062115,0.07050022,0.00519591975,1,1,0.7000000000000001,0.8,40,0.01,0.7000000000000001,0.8,40,0.01
178,0.0184,0,0,0,0,0.8428,0.062115,0.6742400000000001,0.049692,1,1,0.7000000000000001,0.8,40,0.01,0.7000000000000001,0.8,40,0.01
179,0.0184,0,0,0,0,0.8428,0.22874,0.00077082488,0.000209205604,1,1,0.7000000000000001,0.8,40,0.01,0.7000000000000001,0.8,40,0.01
180,0.0184,0,0,0,0,0.8428,0.22874,0.0073719716,0.00200078878,1,1,0.7000000000000001,0.8,40,0.01,0.7000000000000001,0.8,40,0.01
181,0.0184,0,0,0,0,0.8428,0.22874,0.07050022,0.019134101,1,1,0.7000000000000001,0.8,40,0.01,0.7000000000000001,0.8,40,0.01
182,0.0184,0,0,0,0,0.8428,0.22874,0.6742400000000001,0.182992,1,1,0.7000000000000001,0.8,40,0.01,0.7000000000000001,0.8,40,0.01
183,0.0184,0,0,0,0,0.8428,0.016856,0.00077082488,1.54164976e-05,1,1,0.7000000000000001,0.8,40,0.01,0.7000000000000001,0.8,40,0.01
184,0.0184,0,0,0,0,0.8428,0.062115,0.00077082488,5.6810379e-05,1,1,0.7000000000000001,0.8,40,0.01,0.7000000000000001,0.8,40,0.01
185,0.0184,0,0,0,0,0.8428,0.8428,0.00077082488,0.00077082488,1,1,0.7000000000000001,0.8,40,0.01,0.7000000000000001,0.8,40,0.01
186,0.0184,0,0,0,0,0.8428,0.8428,0.0073719716,0.0073719716,1,1,0.7000000000000001,0.8,40,0.01,0.7000000000000001,0.8,40,0.01
187,0.0184,0,0,0,0,0.8428,0.8428,0.07050022,0.07050022,1,1,0.7000000000000001,0.8,40,0.01,0.7000000000000001,0.8,40,0.01
188,0.0184,0,0,0,0,0.8428,0.8428,0.6742400000000001,0.6742400000000001,1,1,0.7000000000000001,0.8,40,0.01,0.7000000000000001,0.8,40,0.01
189,0.0184,0,0,0,0,8.096,0.16192,0.0074046016,0.000148092032,1,1,0.7000000000000001,0.8,40,0.01,0.7000000000000001,0.8,40,0.01
190,0.0184,0,0,0,0,8.096,0.16192,0.070815712,0.00141631424,1,1,0.7000000000000001,0.8,40,0.01,0.7000000000000001,0.8,40,0.01
191,0.0184,0,0,0,0,8.096,0.16192,0.6772304,0.013544608,1,1,0.7000000000000001,0.8,40,0.01,0.7000000000000001,0.8,40,0.01
192,0.0184,0,0,0,0,8.096,0.043718,0.070815712,0.0003824013459999,1,1,0.7000000000000001,0.8,40,0.01,0.7000000000000001,0.8,40,0.01
193,0.0184,0,0,0,0,8.096,0.043718,0.6772304,0.0036570107,1,1,0.7000000000000001,0.8,40,0.01,0.7000000000000001,0.8,40,0.01
194,0.0184,0,0,0,0,8.096,0.043718,0.0074046016,3.99844828e-05,1,1,0.7000000000000001,0.8,40,0.01,0.7000000000000001,0.8,40,0.01
195,0.0184,0,0,0,0,8.096,2.1973,0.0074046016,0.00200965058,1,1,0.7000000000000001,0.8,40,0.01,0.7000000000000001,0.8,40,0.01
196,0.0184,0,0,0,0,8.096,2.1973,0.070815712,0.0192197831,1,1,0.7000000000000001,0.8,40,0.01,0.7000000000000001,0.8,40,0.01
197,0.0184,0,0,0,0,8.096,8.096,0.0074046016,0.0074046016,1,1,0.7000000000000001,0.8,40,0.01,0.7000000000000001,0.8,40,0.01
198,0.0184,0,0,0,0,8.096,8.096,0.070815712,0.070815712,1,1,0.7000000000000001,0.8,40,0.01,0.7000000000000001,0.8,40,0.01
199,0.0184,0,0,0,0,8.096,0.59668,0.0074046016,0.000545723528,1,1,0.7000000000000001,0.8,40,0.01,0.7000000000000001,0.8,40,0.01
200,0.0184,0,0,0,0,8.096,0.59668,0.070815712,0.00521915996,1,1,0.7000000000000001,0.8,40,0.01,0.7000000000000001,0.8,40,0.01
201,0.0487,0,0,0,0,0.23222,0.063023,0.000212388412,5.76408358e-05,1,1,0.7000000000000001,0.8,40,0.01,0.7000000000000001,0.8,40,0.01
202,0.0487,0,0,0,0,0.23222,0.063023,0.00203122834,0.0005512621809999,1,1,0.7000000000000001,0.8,40,0.01,0.7000000000000001,0.8,40,0.01
203,0.0487,0,0,0,0,0.23222,0.063023,0.019425203,0.0052718739499999,1,1,0.7000000000000001,0.8,40,0.01,0.7000000000000001,0.8,40,0.01
204,0.0487,0,0,0,0,0.23222,0.063023,0.185776,0.0504184,1,1,0.7000000000000001,0.8,40,0.01,0.7000000000000001,0.8,40,0.01
205,0.0487,0,0,0,0,0.23222,0.23222,0.00203122834,0.00203122834,1,1,0.7000000000000001,0.8,40,0.01,0.7000000000000001,0.8,40,0.01
206,0.0487,0,0,0,0,0.23222,0.23222,0.019425203,0.019425203,1,1,0.7000000000000001,0.8,40,0.01,0.7000000000000001,0.8,40,0.01
207,0.0487,0,0,0,0,0.23222,0.23222,0.000212388412,0.000212388412,1,1,0.7000000000000001,0.8,40,0.01,0.7000000000000001,0.8,40,0.01
208,0.0487,0,0,0,0,0.23222,0.23222,0.185776,0.185776,1,1,0.7000000000000001,0.8,40,0.01,0.7000000000000001,0.8,40,0.01
209,0.0487,0,0,0,0,2.2307,0.1644,0.00204019822,0.0001503602399999,1,1,0.7000000000000001,0.8,40,0.01,0.7000000000000001,0.8,40,0.01
210,0.0487,0,0,0,0,2.2307,0.1644,0.0195119329,0.0014380067999999,1,1,0.7000000000000001,0.8,40,0.01,0.7000000000000001,0.8,40,0.01
211,0.0487,0,0,0,0,2.2307,0.1644,0.186598055,0.01375206,1,1,0.7000000000000001,0.8,40,0.01,0.7000000000000001,0.8,40,0.01
212,0.0487,0,0,0,0,2.2307,0.1644,1.78456,0.13152,1,1,0.7000000000000001,0.8,40,0.01,0.7000000000000001,0.8,40,0.01
213,0.0487,0,0,0,0,2.2307,0.044614,0.0195119329,0.0003902386579999,1,1,0.7000000000000001,0.8,40,0.01,0.7000000000000001,0.8,40,0.01
214,0.0487,0,0,0,0,2.2307,0.044614,0.186598055,0.0037319611,1,1,0.7000000000000001,0.8,40,0.01,0.7000000000000001,0.8,40,0.01
215,0.0487,0,0,0,0,2.2307,0.044614,1.78456,0.0356912,1,1,0.7000000000000001,0.8,40,0.01,0.7000000000000001,0.8,40,0.01
216,0.0487,0,0,0,0,2.2307,0.044614,0.00204019822,4.08039644e-05,1,1,0.7000000000000001,0.8,40,0.01,0.7000000000000001,0.8,40,0.01
217,0.0487,0,0,0,0,2.2307,2.2307,0.0195119329,0.0195119329,1,1,0.7000000000000001,0.8,40,0.01,0.7000000000000001,0.8,40,0.01
218,0.0487,0,0,0,0,2.2307,2.2307,0.186598055,0.186598055,1,1,0.7000000000000001,0.8,40,0.01,0.7000000000000001,0.8,40,0.01
219,0.0487,0,0,0,0,2.2307,2.2307,1.78456,1.78456,1,1,0.7000000000000001,0.8,40,0.01,0.7000000000000001,0.8,40,0.01
220,0.0487,0,0,0,0,2.2307,2.2307,0.00204019822,0.00204019822,1,1,0.7000000000000001,0.8,40,0.01,0.7000000000000001,0.8,40,0.01
221,0.0487,0,0,0,0,2.2307,0.60541,0.00204019822,0.000553707986,1,1,0.7000000000000001,0.8,40,0.01,0.7000000000000001,0.8,40,0.01
222,0.0487,0,0,0,0,2.2307,0.60541,0.0195119329,0.00529552127,1,1,0.7000000000000001,0.8,40,0.01,0.7000000000000001,0.8,40,0.01
223,0.0487,0,0,0,0,2.2307,0.60541,0.186598055,0.0506425465,1,1,0.7000000000000001,0.8,40,0.01,0.7000000000000001,0.8,40,0.01
224,0.0487,0,0,0,0,2.2307,0.60541,1.78456,0.484328,1,1,0.7000000000000001,0.8,40,0.01,0.7000000000000001,0.8,40,0.01
225,0.0487,0,0,0,0,21.428,0.11571,17.142400000000002,0.092568,1,1,0.7000000000000001,0.8,40,0.01,0.7000000000000001,0.8,40,0.01
226,0.0487,0,0,0,0,21.428,0.11571,0.0195980488,0.0001058283659999,1,1,0.7000000000000001,0.8,40,0.01,0.7000000000000001,0.8,40,0.01
227,0.0487,0,0,0,0,21.428,0.11571,0.187430716,0.0010121153699999,1,1,0.7000000000000001,0.8,40,0.01,0.7000000000000001,0.8,40,0.01
228,0.0487,0,0,0,0,21.428,0.11571,1.7924522,0.0096791415,1,1,0.7000000000000001,0.8,40,0.01,0.7000000000000001,0.8,40,0.01
229,0.0487,0,0,0,0,21.428,1.5792,0.187430716,0.0138132623999999,1,1,0.7000000000000001,0.8,40,0.01,0.7000000000000001,0.8,40,0.01
230,0.0487,0,0,0,0,21.428,0.42856,0.0195980488,0.000391960976,1,1,0.7000000000000001,0.8,40,0.01,0.7000000000000001,0.8,40,0.01
231,0.0487,0,0,0,0,21.428,0.42856,0.187430716,0.00374861432,1,1,0.7000000000000001,0.8,40,0.01,0.7000000000000001,0.8,40,0.01
232,0.0487,0,0,0,0,21.428,0.42856,1.7924522,0.035849044,1,1,0.7000000000000001,0.8,40,0.01,0.7000000000000001,0.8,40,0.01
233,0.0487,0,0,0,0,21.428,0.42856,17.142400000000002,0.342848,1,1,0.7000000000000001,0.8,40,0.01,0.7000000000000001,0.8,40,0.01
234,0.0487,0,0,0,0,21.428,1.5792,0.0195980488,0.0014443363199999,1,1,0.7000000000000001,0.8,40,0.01,0.7000000000000001,0.8,40,0.01
235,0.0487,0,0,0,0,21.428,1.5792,1.7924522,0.13210008,1,1,0.7000000000000001,0.8,40,0.01,0.7000000000000001,0.8,40,0.01
236,0.0487,0,0,0,0,21.428,21.428,0.0195980488,0.0195980488,1,1,0.7000000000000001,0.8,40,0.01,0.7000000000000001,0.8,40,0.01
237,0.0487,0,0,0,0,21.428,5.8156,0.0195980488,0.00531894776,1,1,0.7000000000000001,0.8,40,0.01,0.7000000000000001,0.8,40,0.01
238,0.0487,0,0,0,0,21.428,5.8156,0.187430716,0.0508690531999999,1,1,0.7000000000000001,0.8,40,0.01,0.7000000000000001,0.8,40,0.01
239,0.0487,0,0,0,0,21.428,21.428,0.187430716,0.187430716,1,1,0.7000000000000001,0.8,40,0.01,0.7000000000000001,0.8,40,0.01
240,0.0487,0,0,0,0,21.428,5.8156,1.7924522,0.48647494,1,1,0.7000000000000001,0.8,40,0.01,0.7000000000000001,0.8,40,0.01
241,0.1287,0,0,0,0,0.61368,0.61368,0.00536785896,0.00536785896,1,1,0.7000000000000001,0.8,40,0.01,0.7000000000000001,0.8,40,0.01
242,0.1287,0,0,0,0,0.61368,0.61368,0.051334332,0.051334332,1,1,0.7000000000000001,0.8,40,0.01,0.7000000000000001,0.8,40,0.01
243,0.1287,0,0,0,0,0.61368,0.16655,0.490944,0.13324,1,1,0.7000000000000001,0.8,40,0.01,0.7000000000000001,0.8,40,0.01
244,0.1287,0,0,0,0,0.61368,0.61368,0.000561271728,0.000561271728,1,1,0.7000000000000001,0.8,40,0.01,0.7000000000000001,0.8,40,0.01
245,0.1287,0,0,0,0,0.61368,0.61368,0.490944,0.490944,1,1,0.7000000000000001,0.8,40,0.01,0.7000000000000001,0.8,40,0.01
246,0.1287,0,0,0,0,0.61368,0.16655,0.000561271728,0.00015232663,1,1,0.7000000000000001,0.8,40,0.01,0.7000000000000001,0.8,40,0.01
247,0.1287,0,0,0,0,0.61368,0.16655,0.00536785896,0.00145681285,1,1,0.7000000000000001,0.8,40,0.01,0.7000000000000001,0.8,40,0.01
248,0.1287,0,0,0,0,0.61368,0.16655,0.051334332,0.0139319075,1,1,0.7000000000000001,0.8,40,0.01,0.7000000000000001,0.8,40,0.01
249,0.1287,0,0,0,0,5.895,0.1179,0.0515635649999999,0.0010312713,1,1,0.7000000000000001,0.8,40,0.01,0.7000000000000001,0.8,40,0.01
250,0.1287,0,0,0,0,5.895,0.1179,0.49311675,0.009862335,1,1,0.7000000000000001,0.8,40,0.01,0.7000000000000001,0.8,40,0.01
251,0.1287,0,0,0,0,5.895,0.1179,4.716,0.09432,1,1,0.7000000000000001,0.8,40,0.01,0.7000000000000001,0.8,40,0.01
252,0.1287,0,0,0,0,5.895,0.1179,0.005391567,0.00010783134,1,1,0.7000000000000001,0.8,40,0.01,0.7000000000000001,0.8,40,0.01
253,0.0184,0,0,0,0,0.087737,0.087737,8.02442602e-05,8.02442602e-05,1,1,0.8,0.8,40,0.01,0.8,0.8,40,0.01
254,0.0184,0,0,0,0,0.087737,0.087737,0.0007674355389999,0.0007674355389999,1,1,0.8,0.8,40,0.01,0.8,0.8,40,0.01
255,0.0184,0,0,0,0,0.087737,0.087737,0.0073392000499999,0.0073392000499999,1,1,0.8,0.8,40,0.01,0.8,0.8,40,0.01
256,0.0184,0,0,0,0,0.087737,0.087737,0.0701896,0.0701896,1,1,0.8,0.8,40,0.01,0.8,0.8,40,0.01
257,0.0184,0,0,0,0,0.087737,0.023812,8.02442602e-05,2.17784552e-05,1,1,0.8,0.8,40,0.01,0.8,0.8,40,0.01
258,0.0184,0,0,0,0,0.087737,0.023812,0.0007674355389999,0.000208283564,1,1,0.8,0.8,40,0.01,0.8,0.8,40,0.01
259,0.0184,0,0,0,0,0.087737,0.023812,0.0073392000499999,0.0019918738,1,1,0.8,0.8,40,0.01,0.8,0.8,40,0.01
260,0.0184,0,0,0,0,0.087737,0.023812,0.0701896,0.0190496,1,1,0.8,0.8,40,0.01,0.8,0.8,40,0.01
261,0.0184,0,0,0,0,0.8428,0.016856,0.0073719716,0.0001474394319999,1,1,0.8,0.8,40,0.01,0.8,0.8,40,0.01
262,0.0184,0,0,0,0,0.8428,0.016856,0.07050022,0.0014100044,1,1,0.8,0.8,40,0.01,0.8,0.8,40,0.01
263,0.0184,0,0,0,0,0.8428,0.016856,0.6742400000000001,0.0134848,1,1,0.8,0.8,40,0.01,0.8,0.8,40,0.01
264,0.0184,0,0,0,0,0.8428,0.062115,0.0073719716,0.000543319905,1,1,0.8,0.8,40,0.01,0.8,0.8,40,0.01
265,0.0184,0,0,0,0,0.8428,0.062115,0.07050022,0.00519591975,1,1,0.8,0.8,40,0.01,0.8,0.8,40,0.01
266,0.0184,0,0,0,0,0.8428,0.062115,0.6742400000000001,0.049692,1,1,0.8,0.8,40,0.01,0.8,0.8,40,0.01
267,0.0184,0,0,0,0,0.8428,0.22874,0.00077082488,0.000209205604,1,1,0.8,0.8,40,0.01,0.8,0.8,40,0.01
268,0.0184,0,0,0,0,0.8428,0.22874,0.0073719716,0.00200078878,1,1,0.8,0.8,40,0.01,0.8,0.8,40,0.01
269,0.0184,0,0,0,0,0.8428,0.22874,0.07050022,0.019134101,1,1,0.8,0.8,40,0.01,0.8,0.8,40,0.01
270,0.0184,0,0,0,0,0.8428,0.22874,0.6742400000000001,0.182992,1,1,0.8,0.8,40,0.01,0.8,0.8,40,0.01
271,0.0184,0,0,0,0,0.8428,0.016856,0.00077082488,1.54164976e-05,1,1,0.8,0.8,40,0.01,0.8,0.8,40,0.01
272,0.0184,0,0,0,0,0.8428,0.062115,0.00077082488,5.6810379e-05,1,1,0.8,0.8,40,0.01,0.8,0.8,40,0.01
273,0.0184,0,0,0,0,0.8428,0.8428,0.00077082488,0.00077082488,1,1,0.8,0.8,40,0.01,0.8,0.8,40,0.01
274,0.0184,0,0,0,0,0.8428,0.8428,0.0073719716,0.0073719716,1,1,0.8,0.8,40,0.01,0.8,0.8,40,0.01
275,0.0184,0,0,0,0,0.8428,0.8428,0.07050022,0.07050022,1,1,0.8,0.8,40,0.01,0.8,0.8,40,0.01
276,0.0184,0,0,0,0,0.8428,0.8428,0.6742400000000001,0.6742400000000001,1,1,0.8,0.8,40,0.01,0.8,0.8,40,0.01
277,0.0184,0,0,0,0,8.096,0.16192,0.0074046016,0.000148092032,1,1,0.8,0.8,40,0.01,0.8,0.8,40,0.01
278,0.0184,0,0,0,0,8.096,0.16192,0.070815712,0.00141631424,1,1,0.8,0.8,40,0.01,0.8,0.8,40,0.01
279,0.0184,0,0,0,0,8.096,0.16192,0.6772304,0.013544608,1,1,0.8,0.8,40,0.01,0.8,0.8,40,0.01
280,0.0184,0,0,0,0,8.096,0.043718,0.070815712,0.0003824013459999,1,1,0.8,0.8,40,0.01,0.8,0.8,40,0.01
281,0.0184,0,0,0,0,8.096,0.043718,0.6772304,0.0036570107,1,1,0.8,0.8,40,0.01,0.8,0.8,40,0.01
282,0.0184,0,0,0,0,8.096,0.043718,0.0074046016,3.99844828e-05,1,1,0.8,0.8,40,0.01,0.8,0.8,40,0.01
283,0.0184,0,0,0,0,8.096,2.1973,0.0074046016,0.00200965058,1,1,0.8,0.8,40,0.01,0.8,0.8,40,0.01
284,0.0184,0,0,0,0,8.096,2.1973,0.070815712,0.0192197831,1,1,0.8,0.8,40,0.01,0.8,0.8,40,0.01
285,0.0184,0,0,0,0,8.096,8.096,0.0074046016,0.0074046016,1,1,0.8,0.8,40,0.01,0.8,0.8,40,0.01
286,0.0184,0,0,0,0,8.096,0.59668,0.0074046016,0.000545723528,1,1,0.8,0.8,40,0.01,0.8,0.8,40,0.01
287,0.0184,0,0,0,0,8.096,0.59668,0.070815712,0.00521915996,1,1,0.8,0.8,40,0.01,0.8,0.8,40,0.01
288,0.0487,0,0,0,0,0.23222,0.063023,0.000212388412,5.76408358e-05,1,1,0.8,0.8,40,0.01,0.8,0.8,40,0.01
289,0.0487,0,0,0,0,0.23222,0.063023,0.00203122834,0.0005512621809999,1,1,0.8,0.8,40,0.01,0.8,0.8,40,0.01
290,0.0487,0,0,0,0,0.23222,0.063023,0.019425203,0.0052718739499999,1,1,0.8,0.8,40,0.01,0.8,0.8,40,0.01
291,0.0487,0,0,0,0,0.23222,0.063023,0.185776,0.0504184,1,1,0.8,0.8,40,0.01,0.8,0.8,40,0.01
292,0.0487,0,0,0,0,0.23222,0.23222,0.00203122834,0.00203122834,1,1,0.8,0.8,40,0.01,0.8,0.8,40,0.01
293,0.0487,0,0,0,0,0.23222,0.23222,0.019425203,0.019425203,1,1,0.8,0.8,40,0.01,0.8,0.8,40,0.01
294,0.0487,0,0,0,0,0.23222,0.23222,0.000212388412,0.000212388412,1,1,0.8,0.8,40,0.01,0.8,0.8,40,0.01
295,0.0487,0,0,0,0,0.23222,0.23222,0.185776,0.185776,1,1,0.8,0.8,40,0.01,0.8,0.8,40,0.01
296,0.0487,0,0,0,0,2.2307,0.1644,0.00204019822,0.0001503602399999,1,1,0.8,0.8,40,0.01,0.8,0.8,40,0.01
297,0.0487,0,0,0,0,2.2307,0.1644,0.0195119329,0.0014380067999999,1,1,0.8,0.8,40,0.01,0.8,0.8,40,0.01
298,0.0487,0,0,0,0,2.2307,0.1644,0.186598055,0.01375206,1,1,0.8,0.8,40,0.01,0.8,0.8,40,0.01
299,0.0487,0,0,0,0,2.2307,0.1644,1.78456,0.13152,1,1,0.8,0.8,40,0.01,0.8,0.8,40,0.01
300,0.0487,0,0,0,0,2.2307,0.044614,0.0195119329,0.0003902386579999,1,1,0.8,0.8,40,0.01,0.8,0.8,40,0.01
301,0.0487,0,0,0,0,2.2307,0.044614,0.186598055,0.0037319611,1,1,0.8,0.8,40,0.01,0.8,0.8,40,0.01
302,0.0487,0,0,0,0,2.2307,0.044614,1.78456,0.0356912,1,1,0.8,0.8,40,0.01,0.8,0.8,40,0.01
303,0.0487,0,0,0,0,2.2307,0.044614,0.00204019822,4.08039644e-05,1,1,0.8,0.8,40,0.01,0.8,0.8,40,0.01
304,0.0487,0,0,0,0,2.2307,2.2307,0.0195119329,0.0195119329,1,1,0.8,0.8,40,0.01,0.8,0.8,40,0.01
305,0.0487,0,0,0,0,2.2307,2.2307,0.186598055,0.186598055,1,1,0.8,0.8,40,0.01,0.8,0.8,40,0.01
306,0.0487,0,0,0,0,2.2307,2.2307,1.78456,1.78456,1,1,0.8,0.8,40,0.01,0.8,0.8,40,0.01
307,0.0487,0,0,0,0,2.2307,2.2307,0.00204019822,0.00204019822,1,1,0.8,0.8,40,0.01,0.8,0.8,40,0.01
308,0.0487,0,0,0,0,2.2307,0.60541,0.00204019822,0.000553707986,1,1,0.8,0.8,40,0.01,0.8,0.8,40,0.01
309,0.0487,0,0,0,0,2.2307,0.60541,0.0195119329,0.00529552127,1,1,0.8,0.8,40,0.01,0.8,0.8,40,0.01
310,0.0487,0,0,0,0,2.2307,0.60541,0.186598055,0.0506425465,1,1,0.8,0.8,40,0.01,0.8,0.8,40,0.01
311,0.0487,0,0,0,0,2.2307,0.60541,1.78456,0.484328,1,1,0.8,0.8,40,0.01,0.8,0.8,40,0.01
312,0.0487,0,0,0,0,21.428,0.11571,17.142400000000002,0.092568,1,1,0.8,0.8,40,0.01,0.8,0.8,40,0.01
313,0.0487,0,0,0,0,21.428,0.11571,0.0195980488,0.0001058283659999,1,1,0.8,0.8,40,0.01,0.8,0.8,40,0.01
314,0.0487,0,0,0,0,21.428,0.11571,0.187430716,0.0010121153699999,1,1,0.8,0.8,40,0.01,0.8,0.8,40,0.01
315,0.0487,0,0,0,0,21.428,0.11571,1.7924522,0.0096791415,1,1,0.8,0.8,40,0.01,0.8,0.8,40,0.01
316,0.0487,0,0,0,0,21.428,1.5792,0.187430716,0.0138132623999999,1,1,0.8,0.8,40,0.01,0.8,0.8,40,0.01
317,0.0487,0,0,0,0,21.428,0.42856,0.0195980488,0.000391960976,1,1,0.8,0.8,40,0.01,0.8,0.8,40,0.01
318,0.0487,0,0,0,0,21.428,0.42856,0.187430716,0.00374861432,1,1,0.8,0.8,40,0.01,0.8,0.8,40,0.01
319,0.0487,0,0,0,0,21.428,0.42856,1.7924522,0.035849044,1,1,0.8,0.8,40,0.01,0.8,0.8,40,0.01
320,0.0487,0,0,0,0,21.428,0.42856,17.142400000000002,0.342848,1,1,0.8,0.8,40,0.01,0.8,0.8,40,0.01
321,0.0487,0,0,0,0,21.428,1.5792,0.0195980488,0.0014443363199999,1,1,0.8,0.8,40,0.01,0.8,0.8,40,0.01
322,0.0487,0,0,0,0,21.428,1.5792,1.7924522,0.13210008,1,1,0.8,0.8,40,0.01,0.8,0.8,40,0.01
323,0.0487,0,0,0,0,21.428,21.428,0.0195980488,0.0195980488,1,1,0.8,0.8,40,0.01,0.8,0.8,40,0.01
324,0.0487,0,0,0,0,21.428,5.8156,0.0195980488,0.00531894776,1,1,0.8,0.8,40,0.01,0.8,0.8,40,0.01
325,0.0487,0,0,0,0,21.428,5.8156,0.187430716,0.0508690531999999,1,1,0.8,0.8,40,0.01,0.8,0.8,40,0.01
326,0.0487,0,0,0,0,21.428,21.428,0.187430716,0.187430716,1,1,0.8,0.8,40,0.01,0.8,0.8,40,0.01
327,0.1287,0,0,0,0,0.61368,0.61368,0.00536785896,0.00536785896,1,1,0.8,0.8,40,0.01,0.8,0.8,40,0.01
328,0.1287,0,0,0,0,0.61368,0.61368,0.051334332,0.051334332,1,1,0.8,0.8,40,0.01,0.8,0.8,40,0.01
329,0.1287,0,0,0,0,0.61368,0.16655,0.490944,0.13324,1,1,0.8,0.8,40,0.01,0.8,0.8,40,0.01
330,0.1287,0,0,0,0,0.61368,0.61368,0.000561271728,0.000561271728,1,1,0.8,0.8,40,0.01,0.8,0.8,40,0.01
331,0.1287,0,0,0,0,0.61368,0.61368,0.490944,0.490944,1,1,0.8,0.8,40,0.01,0.8,0.8,40,0.01
332,0.1287,0,0,0,0,0.61368,0.16655,0.000561271728,0.00015232663,1,1,0.8,0.8,40,0.01,0.8,0.8,40,0.01
333,0.1287,0,0,0,0,0.61368,0.16655,0.00536785896,0.00145681285,1,1,0.8,0.8,40,0.01,0.8,0.8,40,0.01
334,0.1287,0,0,0,0,0.61368,0.16655,0.051334332,0.0139319075,1,1,0.8,0.8,40,0.01,0.8,0.8,40,0.01
335,0.1287,0,0,0,0,5.895,0.1179,0.0515635649999999,0.0010312713,1,1,0.8,0.8,40,0.01,0.8,0.8,40,0.01
336,0.1287,0,0,0,0,5.895,0.1179,0.49311675,0.009862335,1,1,0.8,0.8,40,0.01,0.8,0.8,40,0.01
337,0.1287,0,0,0,0,5.895,0.1179,4.716,0.09432,1,1,0.8,0.8,40,0.01,0.8,0.8,40,0.01
338,0.1287,0,0,0,0,5.895,0.1179,0.005391567,0.00010783134,1,1,0.8,0.8,40,0.01,0.8,0.8,40,0.01
339,0.1287,0,0,0,0,5.895,5.895,0.005391567,0.005391567,1,1,0.2,0.5000000000000001,40,0.001,0.2,0.5000000000000001,40,0.001
340,0.1287,0,0,0,0,5.895,5.895,0.0515635649999999,0.0515635649999999,1,1,0.2,0.5000000000000001,40,0.001,0.2,0.5000000000000001,40,0.001
341,0.1287,0,0,0,0,5.895,0.43446,0.005391567,0.000397357116,1,1,0.2,0.5000000000000001,40,0.001,0.2,0.5000000000000001,40,0.001
342,0.1287,0,0,0,0,5.895,0.43446,0.0515635649999999,0.00380022162,1,1,0.2,0.5000000000000001,40,0.001,0.2,0.5000000000000001,40,0.001
343,0.1287,0,0,0,0,5.895,0.43446,0.49311675,0.036342579,1,1,0.2,0.5000000000000001,40,0.001,0.2,0.5000000000000001,40,0.001
344,0.1287,0,0,0,0,5.895,1.5999,0.005391567,0.00146326854,1,1,0.2,0.5000000000000001,40,0.001,0.2,0.5000000000000001,40,0.001
345,0.1287,0,0,0,0,5.895,1.5999,0.0515635649999999,0.0139943253,1,1,0.2,0.5000000000000001,40,0.001,0.2,0.5000000000000001,40,0.001
346,0.1287,0,0,0,0,5.895,1.5999,0.49311675,0.133831635,1,1,0.2,0.5000000000000001,40,0.001,0.2,0.5000000000000001,40,0.001
347,0.1287,0,0,0,0,5.895,1.5999,4.716,1.2799200000000002,1,1,0.2,0.5000000000000001,40,0.001,0.2,0.5000000000000001,40,0.001
348,0.1287,0,0,0,0,5.895,0.43446,4.716,0.347568,1,1,0.2,0.5000000000000001,40,0.001,0.2,0.5000000000000001,40,0.001
349,0.1287,0,0,0,0,5.895,5.895,0.49311675,0.49311675,1,1,0.2,0.5000000000000001,40,0.001,0.2,0.5000000000000001,40,0.001
350,0.1287,0,0,0,0,5.895,5.895,4.716,4.716,1,1,0.2,0.5000000000000001,40,0.001,0.2,0.5000000000000001,40,0.001
351,0.1287,0,0,0,0,56.628,1.1326,0.0517919688,0.00103587596,1,1,0.2,0.5000000000000001,40,0.001,0.2,0.5000000000000001,40,0.001
352,0.1287,0,0,0,0,56.628,1.1326,0.4953251159999999,0.0099068522,1,1,0.2,0.5000000000000001,40,0.001,0.2,0.5000000000000001,40,0.001
353,0.1287,0,0,0,0,56.628,1.1326,4.7369322,0.09474199,1,1,0.2,0.5000000000000001,40,0.001,0.2,0.5000000000000001,40,0.001
354,0.1287,0,0,0,0,56.628,0.30579,0.0517919688,0.000279675534,1,1,0.2,0.5000000000000001,40,0.001,0.2,0.5000000000000001,40,0.001
355,0.1287,0,0,0,0,56.628,4.1735,0.0517919688,0.0038170831,1,1,0.2,0.5000000000000001,40,0.001,0.2,0.5000000000000001,40,0.001
356,0.1287,0,0,0,0,56.628,15.369,0.0517919688,0.0140564874,1,1,0.2,0.5000000000000001,40,0.001,0.2,0.5000000000000001,40,0.001
357,0.1287,0,0,0,0,56.628,0.30579,0.4953251159999999,0.00267474513,1,1,0.2,0.5000000000000001,40,0.001,0.2,0.5000000000000001,40,0.001
358,0.1287,0,0,0,0,56.628,0.30579,4.7369322,0.0255793335,1,1,0.2,0.5000000000000001,40,0.001,0.2,0.5000000000000001,40,0.001
359,0.1287,0,0,0,0,56.628,4.1735,0.4953251159999999,0.0365056045,1,1,0.2,0.5000000000000001,40,0.001,0.2,0.5000000000000001,40,0.001
360,0.1287,0,0,0,0,56.628,0.30579,45.302400000000006,0.244632,1,1,0.2,0.5000000000000001,40,0.001,0.2,0.5000000000000001,40,0.001
361,0.1287,0,0,0,0,56.628,15.369,0.4953251159999999,0.134432643,1,1,0.2,0.5000000000000001,40,0.001,0.2,0.5000000000000001,40,0.001
362,0.1287,0,0,0,0,56.628,1.1326,45.302400000000006,0.90608,1,1,0.2,0.5000000000000001,40,0.001,0.2,0.5000000000000001,40,0.001
363,0.1287,0,0,0,0,56.628,4.1735,4.7369322,0.349113275,1,1,0.2,0.5000000000000001,40,0.001,0.2,0.5000000000000001,40,0.001
364,0.1287,0,0,0,0,56.628,4.1735,45.302400000000006,3.3388,1,1,0.2,0.5000000000000001,40,0.001,0.2,0.5000000000000001,40,0.001
365,0.1287,0,0,0,0,56.628,56.628,0.0517919688,0.0517919688,1,1,0.2,0.5000000000000001,40,0.001,0.2,0.5000000000000001,40,0.001
366,0.1287,0,0,0,0,5.895,5.895,0.005391567,0.005391567,1,1,0.3,0.5,40,0.001,0.3,0.5,40,0.001
367,0.1287,0,0,0,0,5.895,5.895,0.0515635649999999,0.0515635649999999,1,1,0.3,0.5,40,0.001,0.3,0.5,40,0.001
368,0.1287,0,0,0,0,5.895,0.43446,0.005391567,0.000397357116,1,1,0.3,0.5,40,0.001,0.3,0.5,40,0.001
369,0.1287,0,0,0,0,5.895,0.43446,0.0515635649999999,0.00380022162,1,1,0.3,0.5,40,0.001,0.3,0.5,40,0.001
370,0.1287,0,0,0,0,5.895,0.43446,0.49311675,0.036342579,1,1,0.3,0.5,40,0.001,0.3,0.5,40,0.001
371,0.1287,0,0,0,0,5.895,1.5999,0.005391567,0.00146326854,1,1,0.3,0.5,40,0.001,0.3,0.5,40,0.001
372,0.1287,0,0,0,0,5.895,1.5999,0.0515635649999999,0.0139943253,1,1,0.3,0.5,40,0.001,0.3,0.5,40,0.001
373,0.1287,0,0,0,0,5.895,1.5999,0.49311675,0.133831635,1,1,0.3,0.5,40,0.001,0.3,0.5,40,0.001
374,0.1287,0,0,0,0,5.895,1.5999,4.716,1.2799200000000002,1,1,0.3,0.5,40,0.001,0.3,0.5,40,0.001
375,0.1287,0,0,0,0,5.895,0.43446,4.716,0.347568,1,1,0.3,0.5,40,0.001,0.3,0.5,40,0.001
376,0.1287,0,0,0,0,5.895,5.895,0.49311675,0.49311675,1,1,0.3,0.5,40,0.001,0.3,0.5,40,0.001
377,0.1287,0,0,0,0,5.895,5.895,4.716,4.716,1,1,0.3,0.5,40,0.001,0.3,0.5,40,0.001
378,0.1287,0,0,0,0,56.628,1.1326,0.0517919688,0.00103587596,1,1,0.3,0.5,40,0.001,0.3,0.5,40,0.001
379,0.1287,0,0,0,0,56.628,1.1326,0.4953251159999999,0.0099068522,1,1,0.3,0.5,40,0.001,0.3,0.5,40,0.001
380,0.1287,0,0,0,0,56.628,1.1326,4.7369322,0.09474199,1,1,0.3,0.5,40,0.001,0.3,0.5,40,0.001
381,0.1287,0,0,0,0,56.628,0.30579,0.0517919688,0.000279675534,1,1,0.3,0.5,40,0.001,0.3,0.5,40,0.001
382,0.1287,0,0,0,0,56.628,4.1735,0.0517919688,0.0038170831,1,1,0.3,0.5,40,0.001,0.3,0.5,40,0.001
383,0.1287,0,0,0,0,56.628,15.369,0.0517919688,0.0140564874,1,1,0.3,0.5,40,0.001,0.3,0.5,40,0.001
384,0.1287,0,0,0,0,56.628,0.30579,0.4953251159999999,0.00267474513,1,1,0.3,0.5,40,0.001,0.3,0.5,40,0.001
385,0.1287,0,0,0,0,56.628,0.30579,4.7369322,0.0255793335,1,1,0.3,0.5,40,0.001,0.3,0.5,40,0.001
386,0.1287,0,0,0,0,56.628,0.30579,45.302400000000006,0.244632,1,1,0.3,0.5,40,0.001,0.3,0.5,40,0.001
387,0.1287,0,0,0,0,56.628,15.369,0.4953251159999999,0.134432643,1,1,0.3,0.5,40,0.001,0.3,0.5,40,0.001
388,0.1287,0,0,0,0,56.628,1.1326,45.302400000000006,0.90608,1,1,0.3,0.5,40,0.001,0.3,0.5,40,0.001
389,0.1287,0,0,0,0,56.628,4.1735,0.4953251159999999,0.0365056045,1,1,0.3,0.5,40,0.001,0.3,0.5,40,0.001
390,0.1287,0,0,0,0,56.628,4.1735,4.7369322,0.349113275,1,1,0.3,0.5,40,0.001,0.3,0.5,40,0.001
391,0.1287,0,0,0,0,56.628,4.1735,45.302400000000006,3.3388,1,1,0.3,0.5,40,0.001,0.3,0.5,40,0.001
392,0.1287,0,0,0,0,56.628,56.628,0.0517919688,0.0517919688,1,1,0.3,0.5,40,0.001,0.3,0.5,40,0.001
393,0.1287,0,0,0,0,5.895,5.895,0.005391567,0.005391567,1,1,0.7000000000000001,0.8,40,0.01,0.7000000000000001,0.8,40,0.01
394,0.1287,0,0,0,0,5.895,5.895,0.0515635649999999,0.0515635649999999,1,1,0.7000000000000001,0.8,40,0.01,0.7000000000000001,0.8,40,0.01
395,0.1287,0,0,0,0,5.895,0.43446,0.005391567,0.000397357116,1,1,0.7000000000000001,0.8,40,0.01,0.7000000000000001,0.8,40,0.01
396,0.1287,0,0,0,0,5.895,0.43446,0.0515635649999999,0.00380022162,1,1,0.7000000000000001,0.8,40,0.01,0.7000000000000001,0.8,40,0.01
397,0.1287,0,0,0,0,5.895,0.43446,0.49311675,0.036342579,1,1,0.7000000000000001,0.8,40,0.01,0.7000000000000001,0.8,40,0.01
398,0.1287,0,0,0,0,5.895,1.5999,0.005391567,0.00146326854,1,1,0.7000000000000001,0.8,40,0.01,0.7000000000000001,0.8,40,0.01
399,0.1287,0,0,0,0,5.895,1.5999,0.0515635649999999,0.0139943253,1,1,0.7000000000000001,0.8,40,0.01,0.7000000000000001,0.8,40,0.01
400,0.1287,0,0,0,0,5.895,1.5999,0.49311675,0.133831635,1,1,0.7000000000000001,0.8,40,0.01,0.7000000000000001,0.8,40,0.01
401,0.1287,0,0,0,0,5.895,1.5999,4.716,1.2799200000000002,1,1,0.7000000000000001,0.8,40,0.01,0.7000000000000001,0.8,40,0.01
402,0.1287,0,0,0,0,5.895,0.43446,4.716,0.347568,1,1,0.7000000000000001,0.8,40,0.01,0.7000000000000001,0.8,40,0.01
403,0.1287,0,0,0,0,5.895,5.895,0.49311675,0.49311675,1,1,0.7000000000000001,0.8,40,0.01,0.7000000000000001,0.8,40,0.01
404,0.1287,0,0,0,0,5.895,5.895,4.716,4.716,1,1,0.7000000000000001,0.8,40,0.01,0.7000000000000001,0.8,40,0.01
405,0.1287,0,0,0,0,56.628,1.1326,0.0517919688,0.00103587596,1,1,0.7000000000000001,0.8,40,0.01,0.7000000000000001,0.8,40,0.01
406,0.1287,0,0,0,0,56.628,1.1326,0.4953251159999999,0.0099068522,1,1,0.7000000000000001,0.8,40,0.01,0.7000000000000001,0.8,40,0.01
407,0.1287,0,0,0,0,56.628,1.1326,4.7369322,0.09474199,1,1,0.7000000000000001,0.8,40,0.01,0.7000000000000001,0.8,40,0.01
408,0.1287,0,0,0,0,56.628,0.30579,0.0517919688,0.000279675534,1,1,0.7000000000000001,0.8,40,0.01,0.7000000000000001,0.8,40,0.01
409,0.1287,0,0,0,0,56.628,0.30579,0.4953251159999999,0.00267474513,1,1,0.7000000000000001,0.8,40,0.01,0.7000000000000001,0.8,40,0.01
410,0.1287,0,0,0,0,56.628,0.30579,4.7369322,0.0255793335,1,1,0.7000000000000001,0.8,40,0.01,0.7000000000000001,0.8,40,0.01
411,0.1287,0,0,0,0,56.628,4.1735,0.0517919688,0.0038170831,1,1,0.7000000000000001,0.8,40,0.01,0.7000000000000001,0.8,40,0.01
412,0.1287,0,0,0,0,56.628,4.1735,0.4953251159999999,0.0365056045,1,1,0.7000000000000001,0.8,40,0.01,0.7000000000000001,0.8,40,0.01
413,0.1287,0,0,0,0,56.628,15.369,0.0517919688,0.0140564874,1,1,0.7000000000000001,0.8,40,0.01,0.7000000000000001,0.8,40,0.01
414,0.1287,0,0,0,0,56.628,15.369,0.4953251159999999,0.134432643,1,1,0.7000000000000001,0.8,40,0.01,0.7000000000000001,0.8,40,0.01
415,0.1287,0,0,0,0,56.628,15.369,4.7369322,1.28561685,1,1,0.7000000000000001,0.8,40,0.01,0.7000000000000001,0.8,40,0.01
416,0.1287,0,0,0,0,56.628,0.30579,45.302400000000006,0.244632,1,1,0.7000000000000001,0.8,40,0.01,0.7000000000000001,0.8,40,0.01
417,0.1287,0,0,0,0,56.628,1.1326,45.302400000000006,0.90608,1,1,0.7000000000000001,0.8,40,0.01,0.7000000000000001,0.8,40,0.01
418,0.1287,0,0,0,0,56.628,4.1735,4.7369322,0.349113275,1,1,0.7000000000000001,0.8,40,0.01,0.7000000000000001,0.8,40,0.01
419,0.1287,0,0,0,0,56.628,4.1735,45.302400000000006,3.3388,1,1,0.7000000000000001,0.8,40,0.01,0.7000000000000001,0.8,40,0.01
420,0.1287,0,0,0,0,56.628,56.628,0.0517919688,0.0517919688,1,1,0.7000000000000001,0.8,40,0.01,0.7000000000000001,0.8,40,0.01
421,0.1287,0,0,0,0,56.628,56.628,0.4953251159999999,0.4953251159999999,1,1,0.7000000000000001,0.8,40,0.01,0.7000000000000001,0.8,40,0.01
422,0.1287,0,0,0,0,56.628,56.628,4.7369322,4.7369322,1,1,0.7000000000000001,0.8,40,0.01,0.7000000000000001,0.8,40,0.01
423,0.1287,0,0,0,0,5.895,5.895,0.005391567,0.005391567,1,1,0.8,0.8,40,0.01,0.8,0.8,40,0.01
424,0.1287,0,0,0,0,5.895,5.895,0.0515635649999999,0.0515635649999999,1,1,0.8,0.8,40,0.01,0.8,0.8,40,0.01
425,0.1287,0,0,0,0,5.895,0.43446,0.005391567,0.000397357116,1,1,0.8,0.8,40,0.01,0.8,0.8,40,0.01
426,0.1287,0,0,0,0,5.895,0.43446,0.0515635649999999,0.00380022162,1,1,0.8,0.8,40,0.01,0.8,0.8,40,0.01
427,0.1287,0,0,0,0,5.895,0.43446,0.49311675,0.036342579,1,1,0.8,0.8,40,0.01,0.8,0.8,40,0.01
428,0.1287,0,0,0,0,5.895,1.5999,0.005391567,0.00146326854,1,1,0.8,0.8,40,0.01,0.8,0.8,40,0.01
429,0.1287,0,0,0,0,5.895,1.5999,0.0515635649999999,0.0139943253,1,1,0.8,0.8,40,0.01,0.8,0.8,40,0.01
430,0.1287,0,0,0,0,5.895,1.5999,0.49311675,0.133831635,1,1,0.8,0.8,40,0.01,0.8,0.8,40,0.01
431,0.1287,0,0,0,0,5.895,1.5999,4.716,1.2799200000000002,1,1,0.8,0.8,40,0.01,0.8,0.8,40,0.01
432,0.1287,0,0,0,0,5.895,0.43446,4.716,0.347568,1,1,0.8,0.8,40,0.01,0.8,0.8,40,0.01
433,0.1287,0,0,0,0,5.895,5.895,0.49311675,0.49311675,1,1,0.8,0.8,40,0.01,0.8,0.8,40,0.01
434,0.1287,0,0,0,0,5.895,5.895,4.716,4.716,1,1,0.8,0.8,40,0.01,0.8,0.8,40,0.01
435,0.1287,0,0,0,0,56.628,1.1326,0.0517919688,0.00103587596,1,1,0.8,0.8,40,0.01,0.8,0.8,40,0.01
436,0.1287,0,0,0,0,56.628,1.1326,0.4953251159999999,0.0099068522,1,1,0.8,0.8,40,0.01,0.8,0.8,40,0.01
437,0.1287,0,0,0,0,56.628,1.1326,4.7369322,0.09474199,1,1,0.8,0.8,40,0.01,0.8,0.8,40,0.01
438,0.1287,0,0,0,0,56.628,0.30579,0.0517919688,0.000279675534,1,1,0.8,0.8,40,0.01,0.8,0.8,40,0.01
439,0.1287,0,0,0,0,56.628,0.30579,0.4953251159999999,0.00267474513,1,1,0.8,0.8,40,0.01,0.8,0.8,40,0.01
440,0.1287,0,0,0,0,56.628,0.30579,4.7369322,0.0255793335,1,1,0.8,0.8,40,0.01,0.8,0.8,40,0.01
441,0.1287,0,0,0,0,56.628,4.1735,0.0517919688,0.0038170831,1,1,0.8,0.8,40,0.01,0.8,0.8,40,0.01
442,0.1287,0,0,0,0,56.628,4.1735,0.4953251159999999,0.0365056045,1,1,0.8,0.8,40,0.01,0.8,0.8,40,0.01
443,0.1287,0,0,0,0,56.628,15.369,0.0517919688,0.0140564874,1,1,0.8,0.8,40,0.01,0.8,0.8,40,0.01
444,0.1287,0,0,0,0,56.628,15.369,0.4953251159999999,0.134432643,1,1,0.8,0.8,40,0.01,0.8,0.8,40,0.01
445,0.1287,0,0,0,0,56.628,15.369,4.7369322,1.28561685,1,1,0.8,0.8,40,0.01,0.8,0.8,40,0.01
446,0.1287,0,0,0,0,56.628,1.1326,45.302400000000006,0.90608,1,1,0.8,0.8,40,0.01,0.8,0.8,40,0.01
447,0.1287,0,0,0,0,56.628,0.30579,45.302400000000006,0.244632,1,1,0.8,0.8,40,0.01,0.8,0.8,40,0.01
448,0.1287,0,0,0,0,56.628,4.1735,4.7369322,0.349113275,1,1,0.8,0.8,40,0.01,0.8,0.8,40,0.01
449,0.1287,0,0,0,0,56.628,4.1735,45.302400000000006,3.3388,1,1,0.8,0.8,40,0.01,0.8,0.8,40,0.01
450,0.1287,0,0,0,0,56.628,56.628,0.0517919688,0.0517919688,1,1,0.8,0.8,40,0.01,0.8,0.8,40,0.01
451,0.1287,0,0,0,0,56.628,56.628,0.4953251159999999,0.4953251159999999,1,1,0.8,0.8,40,0.01,0.8,0.8,40,0.01
452,0.0487,0,0,0,0,21.428,1.5792,1.7924522,0.13210008,1,1,0.2,0.5000000000000001,40,0.001,0.2,0.5000000000000001,40,0.001
453,0.0487,0,0,0,0,21.428,1.5792,17.142400000000002,1.26336,1,1,0.2,0.5000000000000001,40,0.001,0.2,0.5000000000000001,40,0.001
454,0.0184,0,0,0,0,8.096,8.096,0.0074046016,0.0074046016,1,1,0.3,0.5,40,0.001,0.3,0.5,40,0.001
455,0.0487,0,0,0,0,21.428,1.5792,1.7924522,0.13210008,1,1,0.3,0.5,40,0.001,0.3,0.5,40,0.001
456,0.0487,0,0,0,0,21.428,1.5792,17.142400000000002,1.26336,1,1,0.3,0.5,40,0.001,0.3,0.5,40,0.001
457,0.0184,0,0,0,0,8.096,0.59668,0.6772304,0.049912282,1,1,0.7000000000000001,0.8,40,0.01,0.7000000000000001,0.8,40,0.01
458,0.0487,0,0,0,0,21.428,1.5792,17.142400000000002,1.26336,1,1,0.7000000000000001,0.8,40,0.01,0.7000000000000001,0.8,40,0.01
459,0.0487,0,0,0,0,21.428,21.428,1.7924522,1.7924522,1,1,0.7000000000000001,0.8,40,0.01,0.7000000000000001,0.8,40,0.01
460,0.0487,0,0,0,0,21.428,1.5792,17.142400000000002,1.26336,1,1,0.8,0.8,40,0.01,0.8,0.8,40,0.01
461,0.0487,0,0,0,0,21.428,5.8156,1.7924522,0.48647494,1,1,0.8,0.8,40,0.01,0.8,0.8,40,0.01
462,0.1287,0,0,0,0,56.628,56.628,4.7369322,4.7369322,1,1,0.8,0.8,40,0.01,0.8,0.8,40,0.01
463,0.0184,0,0,0,0,8.096,0.043718,6.476800000000001,0.0349744,1,1,0.2,0.5000000000000001,40,0.001,0.2,0.5000000000000001,40,0.001
464,0.0184,0,0,0,0,8.096,2.1973,0.070815712,0.0192197831,1,1,0.2,0.5000000000000001,40,0.001,0.2,0.5000000000000001,40,0.001
465,0.0184,0,0,0,0,8.096,2.1973,0.6772304,0.183804145,1,1,0.2,0.5000000000000001,40,0.001,0.2,0.5000000000000001,40,0.001
466,0.0184,0,0,0,0,8.096,2.1973,6.476800000000001,1.7578399999999998,1,1,0.2,0.5000000000000001,40,0.001,0.2,0.5000000000000001,40,0.001
467,0.0184,0,0,0,0,8.096,0.16192,6.476800000000001,0.129536,1,1,0.2,0.5000000000000001,40,0.001,0.2,0.5000000000000001,40,0.001
468,0.0184,0,0,0,0,8.096,8.096,0.070815712,0.070815712,1,1,0.2,0.5000000000000001,40,0.001,0.2,0.5000000000000001,40,0.001
469,0.0184,0,0,0,0,8.096,8.096,0.6772304,0.6772304,1,1,0.2,0.5000000000000001,40,0.001,0.2,0.5000000000000001,40,0.001
470,0.0184,0,0,0,0,8.096,8.096,6.476800000000001,6.476800000000001,1,1,0.2,0.5000000000000001,40,0.001,0.2,0.5000000000000001,40,0.001
471,0.0184,0,0,0,0,8.096,0.59668,0.6772304,0.049912282,1,1,0.2,0.5000000000000001,40,0.001,0.2,0.5000000000000001,40,0.001
472,0.0184,0,0,0,0,8.096,0.59668,6.476800000000001,0.477344,1,1,0.2,0.5000000000000001,40,0.001,0.2,0.5000000000000001,40,0.001
473,0.0184,0,0,0,0,8.096,0.043718,6.476800000000001,0.0349744,1,1,0.3,0.5,40,0.001,0.3,0.5,40,0.001
474,0.0184,0,0,0,0,8.096,2.1973,0.070815712,0.0192197831,1,1,0.3,0.5,40,0.001,0.3,0.5,40,0.001
475,0.0184,0,0,0,0,8.096,2.1973,0.6772304,0.183804145,1,1,0.3,0.5,40,0.001,0.3,0.5,40,0.001
476,0.0184,0,0,0,0,8.096,2.1973,6.476800000000001,1.7578399999999998,1,1,0.3,0.5,40,0.001,0.3,0.5,40,0.001
477,0.0184,0,0,0,0,8.096,0.16192,6.476800000000001,0.129536,1,1,0.3,0.5,40,0.001,0.3,0.5,40,0.001
478,0.0184,0,0,0,0,8.096,8.096,0.070815712,0.070815712,1,1,0.3,0.5,40,0.001,0.3,0.5,40,0.001
479,0.0184,0,0,0,0,8.096,8.096,0.6772304,0.6772304,1,1,0.3,0.5,40,0.001,0.3,0.5,40,0.001
480,0.0184,0,0,0,0,8.096,8.096,6.476800000000001,6.476800000000001,1,1,0.3,0.5,40,0.001,0.3,0.5,40,0.001
481,0.0184,0,0,0,0,8.096,0.59668,0.6772304,0.049912282,1,1,0.3,0.5,40,0.001,0.3,0.5,40,0.001
482,0.0184,0,0,0,0,8.096,0.59668,6.476800000000001,0.477344,1,1,0.3,0.5,40,0.001,0.3,0.5,40,0.001
483,0.0184,0,0,0,0,8.096,0.043718,6.476800000000001,0.0349744,1,1,0.7000000000000001,0.8,40,0.01,0.7000000000000001,0.8,40,0.01
484,0.0184,0,0,0,0,8.096,2.1973,0.6772304,0.183804145,1,1,0.7000000000000001,0.8,40,0.01,0.7000000000000001,0.8,40,0.01
485,0.0184,0,0,0,0,8.096,2.1973,6.476800000000001,1.7578399999999998,1,1,0.7000000000000001,0.8,40,0.01,0.7000000000000001,0.8,40,0.01
486,0.0184,0,0,0,0,8.096,0.16192,6.476800000000001,0.129536,1,1,0.7000000000000001,0.8,40,0.01,0.7000000000000001,0.8,40,0.01
487,0.0184,0,0,0,0,8.096,8.096,0.6772304,0.6772304,1,1,0.7000000000000001,0.8,40,0.01,0.7000000000000001,0.8,40,0.01
488,0.0184,0,0,0,0,8.096,8.096,6.476800000000001,6.476800000000001,1,1,0.7000000000000001,0.8,40,0.01,0.7000000000000001,0.8,40,0.01
489,0.0184,0,0,0,0,8.096,0.59668,6.476800000000001,0.477344,1,1,0.7000000000000001,0.8,40,0.01,0.7000000000000001,0.8,40,0.01
490,0.0184,0,0,0,0,8.096,0.043718,6.476800000000001,0.0349744,1,1,0.8,0.8,40,0.01,0.8,0.8,40,0.01
491,0.0184,0,0,0,0,8.096,2.1973,0.6772304,0.183804145,1,1,0.8,0.8,40,0.01,0.8,0.8,40,0.01
492,0.0184,0,0,0,0,8.096,2.1973,6.476800000000001,1.7578399999999998,1,1,0.8,0.8,40,0.01,0.8,0.8,40,0.01
493,0.0184,0,0,0,0,8.096,0.16192,6.476800000000001,0.129536,1,1,0.8,0.8,40,0.01,0.8,0.8,40,0.01
494,0.0184,0,0,0,0,8.096,8.096,0.070815712,0.070815712,1,1,0.8,0.8,40,0.01,0.8,0.8,40,0.01
495,0.0184,0,0,0,0,8.096,8.096,0.6772304,0.6772304,1,1,0.8,0.8,40,0.01,0.8,0.8,40,0.01
496,0.0184,0,0,0,0,8.096,8.096,6.476800000000001,6.476800000000001,1,1,0.8,0.8,40,0.01,0.8,0.8,40,0.01
497,0.0184,0,0,0,0,8.096,0.59668,0.6772304,0.049912282,1,1,0.8,0.8,40,0.01,0.8,0.8,40,0.01
498,0.0184,0,0,0,0,8.096,0.59668,6.476800000000001,0.477344,1,1,0.8,0.8,40,0.01,0.8,0.8,40,0.01
499,0.0487,0,0,0,0,21.428,5.8156,1.7924522,0.48647494,1,1,0.2,0.5000000000000001,40,0.001,0.2,0.5000000000000001,40,0.001
500,0.0487,0,0,0,0,21.428,5.8156,17.142400000000002,4.65248,1,1,0.2,0.5000000000000001,40,0.001,0.2,0.5000000000000001,40,0.001
501,0.0487,0,0,0,0,21.428,21.428,0.187430716,0.187430716,1,1,0.2,0.5000000000000001,40,0.001,0.2,0.5000000000000001,40,0.001
502,0.0487,0,0,0,0,21.428,21.428,1.7924522,1.7924522,1,1,0.2,0.5000000000000001,40,0.001,0.2,0.5000000000000001,40,0.001
503,0.0487,0,0,0,0,21.428,21.428,17.142400000000002,17.142400000000002,1,1,0.2,0.5000000000000001,40,0.001,0.2,0.5000000000000001,40,0.001
504,0.0487,0,0,0,0,21.428,5.8156,1.7924522,0.48647494,1,1,0.3,0.5,40,0.001,0.3,0.5,40,0.001
505,0.0487,0,0,0,0,21.428,5.8156,17.142400000000002,4.65248,1,1,0.3,0.5,40,0.001,0.3,0.5,40,0.001
506,0.0487,0,0,0,0,21.428,21.428,0.187430716,0.187430716,1,1,0.3,0.5,40,0.001,0.3,0.5,40,0.001
507,0.0487,0,0,0,0,21.428,21.428,1.7924522,1.7924522,1,1,0.3,0.5,40,0.001,0.3,0.5,40,0.001
508,0.0487,0,0,0,0,21.428,21.428,17.142400000000002,17.142400000000002,1,1,0.3,0.5,40,0.001,0.3,0.5,40,0.001
509,0.0487,0,0,0,0,21.428,5.8156,17.142400000000002,4.65248,1,1,0.7000000000000001,0.8,40,0.01,0.7000000000000001,0.8,40,0.01
510,0.0487,0,0,0,0,21.428,21.428,17.142400000000002,17.142400000000002,1,1,0.7000000000000001,0.8,40,0.01,0.7000000000000001,0.8,40,0.01
511,0.0487,0,0,0,0,21.428,5.8156,17.142400000000002,4.65248,1,1,0.8,0.8,40,0.01,0.8,0.8,40,0.01
512,0.0487,0,0,0,0,21.428,21.428,1.7924522,1.7924522,1,1,0.8,0.8,40,0.01,0.8,0.8,40,0.01
513,0.0487,0,0,0,0,21.428,21.428,17.142400000000002,17.142400000000002,1,1,0.8,0.8,40,0.01,0.8,0.8,40,0.01
514,0.1287,0,0,0,0,56.628,15.369,4.7369322,1.28561685,1,1,0.2,0.5000000000000001,40,0.001,0.2,0.5000000000000001,40,0.001
515,0.1287,0,0,0,0,56.628,15.369,45.302400000000006,12.2952,1,1,0.2,0.5000000000000001,40,0.001,0.2,0.5000000000000001,40,0.001
516,0.1287,0,0,0,0,56.628,56.628,0.4953251159999999,0.4953251159999999,1,1,0.2,0.5000000000000001,40,0.001,0.2,0.5000000000000001,40,0.001
517,0.1287,0,0,0,0,56.628,56.628,4.7369322,4.7369322,1,1,0.2,0.5000000000000001,40,0.001,0.2,0.5000000000000001,40,0.001
518,0.1287,0,0,0,0,56.628,56.628,45.302400000000006,45.302400000000006,1,1,0.2,0.5000000000000001,40,0.001,0.2,0.5000000000000001,40,0.001
519,0.1287,0,0,0,0,56.628,15.369,4.7369322,1.28561685,1,1,0.3,0.5,40,0.001,0.3,0.5,40,0.001
520,0.1287,0,0,0,0,56.628,15.369,45.302400000000006,12.2952,1,1,0.3,0.5,40,0.001,0.3,0.5,40,0.001
521,0.1287,0,0,0,0,56.628,56.628,0.4953251159999999,0.4953251159999999,1,1,0.3,0.5,40,0.001,0.3,0.5,40,0.001
522,0.1287,0,0,0,0,56.628,56.628,4.7369322,4.7369322,1,1,0.3,0.5,40,0.001,0.3,0.5,40,0.001
523,0.1287,0,0,0,0,56.628,56.628,45.302400000000006,45.302400000000006,1,1,0.3,0.5,40,0.001,0.3,0.5,40,0.001
524,0.1287,0,0,0,0,56.628,15.369,45.302400000000006,12.2952,1,1,0.7000000000000001,0.8,40,0.01,0.7000000000000001,0.8,40,0.01
525,0.1287,0,0,0,0,56.628,56.628,45.302400000000006,45.302400000000006,1,1,0.7000000000000001,0.8,40,0.01,0.7000000000000001,0.8,40,0.01
526,0.1287,0,0,0,0,56.628,15.369,45.302400000000006,12.2952,1,1,0.8,0.8,40,0.01,0.8,0.8,40,0.01
527,0.1287,0,0,0,0,56.628,56.628,45.302400000000006,45.302400000000006,1,1,0.8,0.8,40,0.01,0.8,0.8,40,0.01
